month,region_id,metro,state,size_rank,zhvi,zori,price_to_rent,price_to_rent_year_ago
2026-08-31,395057,"San Francisco, CA",CA,12,1123193,3409,27.46,29.76
2026-08-31,753899,"Los Angeles, CA",CA,2,952601,2941,27.0,27.1
2026-08-31,395078,"Seattle, WA",WA,15,727359,2278,26.61,27.46
2026-08-31,395056,"San Diego, CA",CA,17,930785,2994,25.91,26.3
2026-08-31,394530,"Denver, CO",CO,19,559705,1922,24.26,24.59
2026-08-31,394976,"Phoenix, AZ",AZ,11,442078,1722,21.39,21.81
2026-08-31,394404,"Boston, MA",MA,10,733574,3074,19.89,19.93
2026-08-31,395209,"Washington, DC",VA,6,573336,2433,19.64,19.75
2026-08-31,395025,"Riverside, CA",CA,13,581454,2541,19.07,19.55
2026-08-31,394865,"Minneapolis, MN",MN,16,388865,1719,18.85,19.16
2026-08-31,394514,"Dallas, TX",TX,4,360437,1659,18.1,18.6
2026-08-31,394358,"Baltimore, MD",MD,20,400263,1948,17.12,17.47
2026-08-31,394974,"Philadelphia, PA",PA,7,389524,1911,16.99,17.15
2026-08-31,394347,"Atlanta, GA",GA,9,377428,1853,16.97,17.59
2026-08-31,394913,"New York, NY",NY,1,735075,3615,16.95,16.85
2026-08-31,394692,"Houston, TX",TX,5,305001,1643,15.47,15.78
2026-08-31,395148,"Tampa, FL",FL,18,358706,2001,14.94,15.14
2026-08-31,394856,"Miami, FL",FL,8,475830,2666,14.87,15.18
2026-08-31,394532,"Detroit, MI",MI,14,267167,1524,14.61,14.85
2026-08-31,394463,"Chicago, IL",IL,3,357265,2210,13.47,13.47
